id_assessment,student_id,question_id,id_topic,id_subtopic,question_level,answer_student,date_assessment,duration,option_selected,id_lect,description,question,level,answer1,answer2,answer3,answer4,file_name,file_ext,date_question,validate,validate_date,validate_by,newLevel,algorithmLevel,checked,keyword_id,keyword_name,topic_name,subtopic_name
22432,3456,2033,18,10.0,3,1,02/01/2025 19:09,,,81,,"Consider the space $M_{2\times 2}(\mathbb{R})$ of the real matrices of order $2$ and the subspaces 
$$S_1=\left\{ \left[\begin{array}{ll}
 2a-1  & b  \\
  c & a  
\end{array}\right]: a, b, c\in \mathbb{R}\right\}, \quad S_2=\left\{ \left[\begin{array}{ll}
 2a-b  & b  \\
  a & c  
\end{array}\right]: a, b, c\in \mathbb{R}\right\}.$$ 
Choose the correct answer:",Advanced,$S_2$ is a subspace of $M_{2\times 2}(\mathbb{R})$ of dimension $3$ but $S_1$ is not vector space.,$S_1$ is a subspace of $M_{2\times 2}(\mathbb{R})$ of dimension $3$ but $S_2$ is not vector space.,"$S_1$ and $S_2$ are both vector subspaces of $M_{2\times 2}(\mathbb{R})$ of dimension $3$.
", $S_1$ and $S_2$ are both vector subspaces of $M_{2\times 2}(\mathbb{R})$ of dimension $2$,,,22/11/2019 11:50,1,13/12/2019 16:03,163.0,4,3,,146.0,Vector subspace,Linear Algebra,Vector Spaces
19863,80,331,10,,1,0,05/02/2024 10:13,,,78,,The solution set of the equation $2z^2+7=0$ is:,Basic,"$S\left\{-i\sqrt{\dfrac{7}{2}} \ , \ i\sqrt{\dfrac{7}{2}}\right\}$","$S\left\{-\sqrt{\dfrac{7}{2}} \ , \ \sqrt{\dfrac{7}{2}}\right\}$","$S\left\{\dfrac{7}{2}-i\sqrt{\dfrac{7}{2}} \ \ , \ \ \dfrac{7}{2}+i\sqrt{\dfrac{7}{2}}\right\}$","$S\left\{-\dfrac{7}{2}-i\sqrt{\dfrac{7}{2}} \ \ , \ \ -\dfrac{7}{2}+i\sqrt{\dfrac{7}{2}}\right\}$",,,26/04/2019 19:17,1,27/04/2019 17:34,37.0,1,5,1.0,24.0,Imaginary part,Complex Numbers,
22582,3472,424,18,10.0,3,0,05/01/2025 21:03,,,72,,"Assume that $u$, $v$ and $w$ are linearly independent vectors. Choose the wrong answer.",Advanced,"$u-v$, $v-w$ and $w-u$ are linearly independent",$u+v$ and $u+w$ are linearly independent,"$u$, $3u$ and $2v$ are linearly dependent","$\left\{u,v\right\}$ is a linearly independent set of vectors",,,30/04/2019 1:13,1,01/05/2019 22:54,38.0,4,3,1.0,148.0,Span,Linear Algebra,Vector Spaces
3239,411,620,18,8.0,1,1,16/12/2019 16:34,,,127,,"The characteristic polynomial of the matrix $A = \begin{bmatrix}
2 & 0 & 0 \\
3 & -1 & 0 \\
0 & 4 & 3 \end{bmatrix}$ is:",Advanced,$\lambda^3 - 4\lambda^2 + \lambda + 6$ ,$2\lambda^3 - \lambda^2 + 3\lambda$,$2\lambda^2 - \lambda + 3$,$4\lambda^3 - \lambda^2 + 3\lambda + 2$,,,10/05/2019 17:54,1,28/07/2019 1:43,64.0,3,1,1.0,132.0,Characteristic polynomial,Linear Algebra,Eigenvalues and Eigenvectors
6133,1095,443,18,11.0,5,0,07/01/2020 15:06,,,38,,Consider $T:V \longrightarrow W$ a linear transformation and assume $dim(range(T))=3$. Choose the right answer.,Basic,"If $dim(ker(T))=2$, then $dim(V)=5$
","If $T$ is injective, then $dim(V)=4$
","If $T$ is surjective, then $dim(V)=2$
","If $dim(W)=3$, then $dim(V)\leq 3$",,,02/05/2019 0:40,1,16/05/2019 16:22,61.0,2,1,1.0,159.0,Kernel,Linear Algebra,Linear Transformations
10149,1861,108,7,2.0,7,1,26/11/2020 10:45,,,50,,"Make $a$ the subject of the expression

$mz=ad$",Basic,$a=\frac{mz}{d}$,$a=\frac{d}{mz}$,$a=d+mz$,$a=d-mz$,,,20/03/2019 21:54,1,24/04/2019 0:31,37.0,1,4,1.0,317.0,Rearranging equations,Fundamental Mathematics,"Algebraic expressions, Equations, and Inequalities"
19350,3385,123,18,7.0,3,-1,11/01/2024 23:40,,,52,,"Suppose that $A=\left( \begin{array}{rrr}
2 & 0 & -1 \\ 
3 & 1 & 0 \\ 
-2 & 1 & 3 \end{array}
\right)$.

Find matrix $B$ such that matrices $A$ and $B$ are inverses.",Basic,"$B=\left( \begin{array}{rrr}
3 & -1 & 1 \\ 
-9 & 4 & -3 \\ 
5 & -2 & 2 \end{array}
\right)$","$B=\left( \begin{array}{rrr}
2 & 3 & -2 \\ 
0 & 1 & 1 \\ 
-1 & 0 & 3 \end{array}
\right)$","$B=\left( \begin{array}{rrr}
1 & 0 & 0 \\ 
0 & 1 & 0 \\ 
0 & 0 & 1 \end{array}
\right)$",insufficient information to find $B$,,,24/03/2019 14:10,1,07/05/2019 15:31,52.0,1,2,1.0,116.0,Matrix operations,Linear Algebra,Matrices and Determinants
444,151,113,7,2.0,7,0,31/05/2019 16:39,,,50,,"Consider $m \neq 0$. Make $x$ the subject of the expression

$y=mx+c$",Basic,$x=\frac{y-c}{m}$,$x=\frac{y}{m+c}$,$x=m+c-y$,$x=\frac{y-m}{c}$,,,20/03/2019 22:26,1,26/09/2019 11:28,37.0,1,4,1.0,3.0,Linear equations,Fundamental Mathematics,"Algebraic expressions, Equations, and Inequalities"
8935,1607,983,3,37.0,3,1,14/07/2020 16:19,,,64,,"Find the $\displaystyle\lim_{x\to 0^+}\,(2x-x\ln x)$.",Advanced,$0$.,$-1$.,$1$.,The limit does not exist.,,,01/12/2019 0:48,1,03/12/2019 13:30,52.0,4,1,1.0,182.0,Limits,Real Functions of a Single Variable,Limits and Continuity
10991,1893,207,14,,3,0,30/12/2020 16:44,,,41,,Which value is computed from the sample data to decide whether or not to accept the null hypothesis?,Advanced,Test statistic.,Probability of making the Type I error.,Critical value of the particular distribution.,Parameter of the population distribution.,,,04/04/2019 10:04,1,27/04/2019 18:47,37.0,4,4,1.0,58.0,Hypothesis testing,Statistics,
2521,857,453,18,,4,0,04/12/2019 17:40,,,81,,"Choose two vectors of $V=\left\{(-10,5),(2,-1),(-5,1),(2,0),\left(\dfrac{1}{2},2\right),\left(2,\dfrac{1}{2}\right)\right\}$ which are linearly dependent.",Basic,"$(-10,5)$ and $(2,-1)$","$\left(\dfrac{1}{2},2\right)$ and $\left(2,\dfrac{1}{2}\right)$","$(-5,1)$ and $(-10,5)$"," $(2,-1)$ and $(2,0)$",,,02/05/2019 19:05,1,02/05/2019 19:18,38.0,1,1,1.0,148.0,Span,Linear Algebra,
19925,3342,548,25,,1,1,27/02/2024 14:20,,,81,,"Consider the unusual scalar product of $\mathbb{R}^3$ defined by $(x_1, y_1)\cdot (x_2, y_2)=4x_1x_2+3y_1y_2$ and consider the vectors $u=(1, -4)$ and $v=(3, 2)$.
The scalar product, $u \cdot v$, and the magnitude of $u$, $|u|$, are respectively:",Basic,"$u\cdot v= -12, \quad |u|= 2\sqrt{13}$.","$u\cdot v= -12, \quad |u|= 4\sqrt{13}$.","$u\cdot v= -5, \quad |u|= \sqrt{17}$."," $u\cdot v= -12, \quad |u|= \sqrt{17}$.",,,07/05/2019 10:05,1,07/05/2019 17:04,38.0,1,2,1.0,64.0,Scalar product,Analytic Geometry,
19400,3385,1086,26,,3,-1,12/01/2024 0:00,,,37,,"Consider the equation $x^3+4x^2=10$. Consider the bisection method to solve the problem in the set $[1,2]$. What is the approximation after 3 iterations?",Basic,$x_3=1.375$.,$x_3=1.775$.,$x_3=1.475$.,$x_3=1.675$.,,,01/06/2020 1:06,1,01/06/2020 1:07,37.0,1,1,1.0,222.0,Bisection method,Numerical Methods,
9545,1765,787,7,2.0,3,1,20/10/2020 17:45,,,50,,"Solve for $x$:

$5= 4 e^{3x}$",Basic,$x=0.0744$,$x=0.924$,$x=0.6694$,$x=-0.6694$,,,26/06/2019 21:52,1,02/10/2019 12:28,58.0,4,2,1.0,2.0,Exponential function,Fundamental Mathematics,"Algebraic expressions, Equations, and Inequalities"
2478,853,217,18,9.0,4,0,04/12/2019 17:23,,,38,,"Find the solution of the following linear system:
$$\begin{cases}
&x &+ &y &+ &z &= &0 \\
&-x &+ &3y &+ &2z &= &-1 \\
&2x &+ &y &- &z &= &0
\end{cases}$$",Basic,"The vector solution is $\left(\dfrac{2}{9},-\dfrac{1}{3},\dfrac{1}{9}\right)$.",The system has no solutions.,The system has infinitely many solutions depending on one parameter.,The system has infinitely many solutions depending on two parameters.,,,06/04/2019 23:41,1,07/04/2019 0:41,37.0,1,5,1.0,137.0,Square linear system,Linear Algebra,Linear Systems
335,131,373,22,,5,0,19/05/2019 12:22,,,64,,The complete graph $K_n$ is:,Advanced,Eulerian for odd values of $n$.,Hamiltonian for all values of $n$.,Eulerian for even $n$.,bipartite for all $n$.,,,27/04/2019 12:35,1,14/05/2019 11:05,61.0,4,4,1.0,75.0,Simple graph,Graph Theory,
5780,1350,383,18,11.0,3,0,06/01/2020 18:48,,,38,,"Consider the linear application $T: \mathbb{R}^3\rightarrow \mathbb{R}^2$, such that 
$$T(1,0,1)=(-2,4), \quad T(0,-1,2)=(5, 0), \quad T(0,0,3)=(-6,3)$$ 
Choose the right answer. ",Basic,"$T(x,y,z)=(-9y-2z,3x+2y+z)$ 
","$T(x,y,z)=(-2x+5y-6z,4x+3z)$
","$T(x,y,z)=(x,-y,x+2y+3z)$ 
","$T(x,y,z)=(y-2z,3x+y+z)$",,,27/04/2019 22:41,1,16/05/2019 16:10,61.0,2,2,1.0,156.0,Linearity,Linear Algebra,Linear Transformations
21429,91,429,18,10.0,2,0,03/10/2024 16:44,,,72,,"Indicate which of the following is a linear combination of $A=\left[\begin{array}{rr}
      3& 2\\
			0 & 1 
    \end{array}\right]$, $B=\left[\begin{array}{rr}
      0& -1 \\
			1 & 2 
    \end{array}\right]$ and $C=\left[\begin{array}{rr}
      5& 4 \\
			-1 & 0
    \end{array}\right]$.",Basic,"$\left[\begin{array}{rr}
      5 & 3 \\
      0 & 2
    \end{array}\right]$","$\left[\begin{array}{rr}
      8& 5 \\
			0 & -3 
    \end{array}\right]$","$\left[\begin{array}{rr}
      3 & 1 \\
      3 & 3 
    \end{array}\right]$","$\left[\begin{array}{rr}
      8 &  -1\\
   6 & 1
    \end{array}\right]$",,,30/04/2019 1:26,1,01/05/2019 23:05,38.0,3,2,1.0,146.0,Vector subspace,Linear Algebra,Vector Spaces
10676,1877,118,7,2.0,1,-1,10/12/2020 10:54,,,50,,"Make $r$ the subject of the expression

$v=\dfrac{2}{3}\pi r^3$",Basic,\[ r = \sqrt[3]{\frac{3v}{2\pi}} \],\[r = \sqrt[3]{\frac{2\pi}{3v}} \],$r= \dfrac{2\pi}{3v^3}$,\[ r = \sqrt[3]{\frac{2v}{3\pi}} \],,,21/03/2019 15:03,1,10/05/2019 0:47,37.0,2,1,1.0,5.0,Simplify expressions,Fundamental Mathematics,"Algebraic expressions, Equations, and Inequalities"
5487,956,323,18,11.0,3,-1,06/01/2020 13:49,,,38,,Indicate which of the following applications is not linear. ,Basic,"$T:\mathbb{R}^2\longrightarrow\mathbb{R}^2:T(x,y)=(\sin(x),y)$
","$T: \mathbb{R}^2\longrightarrow\mathbb{R}^2:T(x,y)=(x+2y,3x-y)$
","$T: \mathbb{R}^2\longrightarrow\mathbb{R}^2:T(x,y)=(0,0)$ 
","$T:\mathbb{R}^4\longrightarrow\mathbb{R}^4:T(x,y,z,w)=(x,y,z,w)$",,,26/04/2019 17:04,1,14/05/2019 13:02,61.0,1,2,1.0,156.0,Linearity,Linear Algebra,Linear Transformations
10184,1855,787,7,2.0,3,1,26/11/2020 10:50,,,50,,"Solve for $x$:

$5= 4 e^{3x}$",Basic,$x=0.0744$,$x=0.924$,$x=0.6694$,$x=-0.6694$,,,26/06/2019 21:52,1,02/10/2019 12:28,58.0,4,2,1.0,2.0,Exponential function,Fundamental Mathematics,"Algebraic expressions, Equations, and Inequalities"
1875,349,271,4,3.0,2,1,19/11/2019 19:15,,,57,,Differentiate $y = (x + 1)^3$.,Basic,$\dfrac{dy}{dx} = 3(x + 1)^2$,$\dfrac{dy}{dx} = 3(x + 1)$,$\dfrac{dy}{dx} = 3x(x + 1)^2$,$\dfrac{dy}{dx} = 3(x + 1)$,,,17/04/2019 11:32,1,05/05/2019 0:21,37.0,1,1,1.0,88.0,Sum rule,Differentiation,Derivatives
17293,2637,863,12,13.0,2,0,01/12/2022 0:58,,,61,,"Determine the relative extrema for the function $f:{\mathbb R}^2\setminus \{(0,0)\}\rightarrow {\mathbb R}$,  $f(x,y)=xy\ln (x^2+y^2)$.",Basic,"$M_{1}(\dfrac{1}{\sqrt {2e}},\dfrac{1}{\sqrt {2e}})$ and $M_{2}(-\dfrac{1}{\sqrt {2e}},-\dfrac{1}{\sqrt {2e}})$ minimizers, $M_{3}(-\dfrac{1}{\sqrt {2e}},\dfrac{1}{\sqrt {2e}})$ and $M_{4}(\dfrac{1}{\sqrt {2e}},-\dfrac{1}{\sqrt {2e}})$ maximizers.","$M_{1}(\dfrac{1}{\sqrt {2e}},\dfrac{1}{\sqrt {2e}})$ and $M_{2}(-\dfrac{1}{\sqrt {2e}},-\dfrac{1}{\sqrt {2e}})$ maximizers, ","$M_{1}(-\dfrac{1}{\sqrt {2e}},\dfrac{1}{\sqrt {2e}})$ and $M_{2}(\dfrac{1}{\sqrt {2e}},-\dfrac{1}{\sqrt {2e}})$ minimizers.",The function $f$ has no extrema points.,,,14/07/2019 10:11,1,27/09/2019 8:05,61.0,4,5,1.0,177.0,Minimum,Optimization,Nonlinear Optimization
14636,2593,513,7,,1,0,20/10/2021 0:05,,,91,,"Imagine a triangle whose sides are of length $8 cm, 6 cm$ and $3 cm$:",Basic,The triangle is scalene.,The triangle is isosceles.,The triangle is acute-angled.,The triangle only has an angle with amplitude less than $90^\circ$.,,,04/05/2019 21:42,1,27/12/2021 16:28,37.0,1,1,1.0,16.0,Triangles,Fundamental Mathematics,
15956,3006,613,7,2.0,7,1,21/09/2022 18:09,,,50,,"Simplify:

$(x+y)(x^2 -xy+y^2)$",Basic,$x^3 +y^3$,$x^3 +2x^2y +xy^2 +y^3$,$x^2 +y^2$,$x-xy+y$,,,10/05/2019 12:25,1,09/09/2019 0:48,37.0,1,4,1.0,4.0,Quadratic equations,Fundamental Mathematics,"Algebraic expressions, Equations, and Inequalities"
22402,3501,2033,18,10.0,3,1,02/01/2025 0:14,,,81,,"Consider the space $M_{2\times 2}(\mathbb{R})$ of the real matrices of order $2$ and the subspaces 
$$S_1=\left\{ \left[\begin{array}{ll}
 2a-1  & b  \\
  c & a  
\end{array}\right]: a, b, c\in \mathbb{R}\right\}, \quad S_2=\left\{ \left[\begin{array}{ll}
 2a-b  & b  \\
  a & c  
\end{array}\right]: a, b, c\in \mathbb{R}\right\}.$$ 
Choose the correct answer:",Advanced,$S_2$ is a subspace of $M_{2\times 2}(\mathbb{R})$ of dimension $3$ but $S_1$ is not vector space.,$S_1$ is a subspace of $M_{2\times 2}(\mathbb{R})$ of dimension $3$ but $S_2$ is not vector space.,"$S_1$ and $S_2$ are both vector subspaces of $M_{2\times 2}(\mathbb{R})$ of dimension $3$.
", $S_1$ and $S_2$ are both vector subspaces of $M_{2\times 2}(\mathbb{R})$ of dimension $2$,,,22/11/2019 11:50,1,13/12/2019 16:03,163.0,4,3,,146.0,Vector subspace,Linear Algebra,Vector Spaces
8744,1594,787,7,2.0,3,0,06/07/2020 10:39,,,50,,"Solve for $x$:

$5= 4 e^{3x}$",Basic,$x=0.0744$,$x=0.924$,$x=0.6694$,$x=-0.6694$,,,26/06/2019 21:52,1,02/10/2019 12:28,58.0,4,2,1.0,2.0,Exponential function,Fundamental Mathematics,"Algebraic expressions, Equations, and Inequalities"
8770,1596,984,3,37.0,1,1,06/07/2020 16:52,,,64,,"Find the $\displaystyle\lim_{x\to 0^+}\,x^2 e^{\frac{1}{x}}$.",Advanced,$+\infty$.,$-\infty$.,The limit does not exist.,$0$.,,,01/12/2019 0:54,1,03/12/2019 13:29,52.0,5,2,1.0,182.0,Limits,Real Functions of a Single Variable,Limits and Continuity
5021,1220,452,18,10.0,4,0,05/01/2020 16:29,,,81,,"Indicate two vectors of $V=\left\{(0,1),(1,3),(0,2),(2,6),\left(\dfrac{1}{3},1\right)\right\}$ which are linearly independent.",Basic,"$(0,1)$ and $(1,3)$","$(0,1)$ and $(0,2)$","$(1,3)$ and $(2,6)$","$(1,3)$ and $\left(\dfrac{1}{3},1\right)$",,,02/05/2019 19:01,1,02/05/2019 19:35,38.0,1,1,1.0,148.0,Span,Linear Algebra,Vector Spaces
8563,1543,1118,26,,4,-1,26/06/2020 10:13,,,37,,Consider $f(x)=\dfrac{1}{x}$ and $h=0.5$. Find the upper limit of the error when calculating $f'(2.5)$ using the three points rule.,Basic,$E\leq 3 \times 10^{-3}$,$E\leq 3 \times 10^{-4}$,$E\leq 10^{-3}$,$E\leq 10^{-4}$,,,14/06/2020 21:13,1,15/06/2020 17:34,38.0,5,4,1.0,353.0,Three points rule,Numerical Methods,
16120,3009,789,7,2.0,5,0,23/09/2022 15:13,,,50,,"Solve for $x$:

$3^x=5$",Basic,$x=1.47$,$x=0.6$,$x=-1.47$,$x=0.06$,,,26/06/2019 21:55,1,27/09/2019 7:38,61.0,3,1,1.0,2.0,Exponential function,Fundamental Mathematics,"Algebraic expressions, Equations, and Inequalities"
19470,3348,551,25,,1,0,22/01/2024 19:08,,,81,,Consider in $\mathbb{R}^3$ the usual scalar product. Which one of the following set is orthogonal?,Basic,"$\left\{(-1, 0, 3), (0, 5, 0), (3, 0, 1)\right\}$.","$\left\{(-1, 2, 1), (2, 0, 2), (-3, 2, 1)\right\}$.","$\left\{(-1, 2, 1), (2, 0, 2), (2, 3, -2)\right\}$.","$\left\{(-1, 0, 3), (0, 5, 0), (2, 0, 1)\right\}$ .",,,07/05/2019 10:11,1,07/05/2019 17:09,38.0,1,2,1.0,64.0,Scalar product,Analytic Geometry,
15392,2910,870,16,,3,-1,02/05/2022 1:00,,,61,,Solve the Cauchy problem $y'=\frac{-x+2y-5}{2x-y+4}$ knowing that the initial condition is $y(1)=2$.,Basic,$(x+y-1)^3=4(x-y+3)$.,$(x-y+3)^2-(3x+2y-3)=0$.,$(x-2y+5)^2=2x-y+4$.,$y^4=3x-2y+17$.,,,14/07/2019 11:49,1,27/09/2019 8:27,61.0,4,1,1.0,202.0,Linear differential equation,Differential Equations,
11213,1834,786,7,,1,1,08/01/2021 23:40,,,50,,"Solve for $x$:

$x^4-10=6$",Basic,$x=\pm2$,$x=\pm1$,$x=\dfrac{6}{10}$,$x=15$,,,26/06/2019 21:49,1,09/09/2019 1:08,37.0,3,4,1.0,5.0,Simplify expressions,Fundamental Mathematics,
12038,1800,731,5,5.0,2,1,24/01/2021 14:41,,,38,,Find $\displaystyle\int \frac{\sqrt{x^2-9}}{x^3}\: dx$,Advanced,$\displaystyle\frac{1}{6}\operatorname{arcsec}\left({\frac{x}{3}}\right) - \frac{1}{2}\frac{\sqrt{x^2-9}}{x^2}+c$,"$\displaystyle\frac{1}{6} - \frac{1}{2}\frac{\sqrt{x^3-9}}{x}+c$
","$\cos(x)\sqrt{1+\sin^2\left(x\right)}+c$
",$\displaystyle\frac{1}{2}(x+1)\sqrt{x^2-9}-\frac{1}{2}\ln\left|x^2-9\right|+c$,,,04/06/2019 16:26,1,27/09/2019 15:06,61.0,5,2,1.0,101.0,Substitution,Integration,Integration Techniques
3991,851,423,18,10.0,4,-1,30/12/2019 19:59,,,72,,"Mark the vector which is not a linear combination of $u=(1,0,-3)$ and  $v=(0,-4,2)$.",Basic,"$(5,8,4)$","$(2,-8,-2)$","$(1,-4,-1)$","$\left(\frac{1}{3},-2,0\right)$.",,,30/04/2019 1:11,1,01/05/2019 22:53,38.0,1,1,1.0,146.0,Vector subspace,Linear Algebra,Vector Spaces
3446,1044,259,4,4.0,2,-1,18/12/2019 17:16,,,66,,"Find $\dfrac{?z}{?y}$ of $z(x,y)=5y^4+2x^2y^3-3x$.",Basic,"$\dfrac{?z}{?y}(x,y)=20y^3+6x^2y^2$","$\dfrac{?z}{?y}(x,y)=20x^3+6x^2y^2$","$\dfrac{?z}{?y}(x,y)=20y^3+6xy^2$","$\dfrac{?z}{?y}(x,y)=20y^3+6xy$",,,12/04/2019 19:20,1,20/08/2019 0:42,37.0,1,4,1.0,265.0,First order,Differentiation,Partial Differentiation
21531,3475,336,10,,6,1,19/10/2024 11:36,,,78,,Express $z=\dfrac{1}{-1+3i}$ in the form $z=a+bi$.,Basic,$z=-\frac{1}{10}-\frac{3}{10}i$,$z=-\frac{3}{10}-\frac{1}{10}i$,$z=\frac{1}{10}+\frac{3}{10}i$,$z=\frac{3}{10}+\frac{1}{10}i$,,,26/04/2019 19:34,1,27/04/2019 17:38,37.0,3,1,1.0,26.0,Conjugate number,Complex Numbers,
17101,2929,1005,12,13.0,4,0,29/11/2022 23:22,,,38,,"Conclude about the existence of local maxima, local minima, and saddle points of $f\left(x,y\right)=y^2+xy+3y+2x+3$.",Basic,There is $1$ saddle point.,There are $1$ local maximum and $1$ local minimum.,There is $1$ minimum.,There is $1$ maximum.,,,02/12/2019 1:53,1,02/12/2019 2:10,38.0,2,2,1.0,177.0,Minimum,Optimization,Nonlinear Optimization
18136,3306,1112,26,,3,0,14/05/2023 21:01,,,37,,"Consider the table

$$\begin{array}{c|ccccc}
x & 1.0 & 1.3 & 1.6 & 1.9 & 2.2   \\
\hline
y & 0.7652 & 0.6201 & 0.4554 & 0.2818 & 0.1104 \\
\end{array}$$

Find the polynomial of degree $3$ that better approximates $f(1.5)$ using Newton's polynomial interpolation.",Basic,$P_3(x)= 0.9704 + 0.09467x - 0.3658x^2 + 0.06589x^3$.,$P_3(x)= 0.9704 + 0.09467x - 0.3658x^2 - 0.06589x^3$.,$P_3(x)= 0.9704 + 0.09467x + 0.3658x^2 + 0.06589x^3$.,$P_3(x)= 0.9704 - 0.09467x - 0.3658x^2 + 0.06589x^3$.,,,14/06/2020 20:05,1,15/06/2020 17:30,38.0,4,3,1.0,269.0,Polynomial interpolation,Numerical Methods,
11772,1812,1168,5,44.0,1,1,20/01/2021 15:18,,,1666,,Evaluate $\displaystyle \int_{0}^{2} 5^y \: dy$,Basic,$\dfrac{24}{\ln(5)}$,$\dfrac{5}{\ln(2)}$,$\dfrac{25}{\ln(2)}$,$0$,,,08/10/2020 20:23,1,13/10/2020 18:48,38.0,1,1,1.0,249.0,Fundamental theorem of Calculus,Integration,Definite Integrals
17465,3158,963,12,13.0,2,1,01/12/2022 21:35,,,37,,Which of the following constraints is not linear?,Basic,$2xy + x \geq 15$,$7x - 6y \leq 45$,$x + y + 3z = 35$,$2x + 10y \geq 60$,,,17/11/2019 2:37,1,26/11/2019 18:43,38.0,1,2,1.0,177.0,Minimum,Optimization,Nonlinear Optimization
2603,854,246,18,9.0,2,-1,05/12/2019 13:38,,,43,,"Find the solutions of the following linear system:
$$\begin{cases}
6x & - & 11y & + & 2z & - & 9t & = & 2 \\
2x & + & y & - & 2z & - & t & = & 1 \\
x & - & 3y & + & z & - & 2t & = & -1
\end{cases}$$",Basic,The system has no solutions.,"The system has $\left(0,\,1,\,0,\,-1\right)$ as its unique solution.","The system has $\left(1+z,\,0,\,z,\,-z\right)$ as solution for every $z\in\mathbb{R}$.","The system has $\left(1-y,\,y,\,2+y,\,-y\right)$ as solution for every $y\in\mathbb{R}$.",,,12/04/2019 11:14,1,01/08/2019 1:43,64.0,3,3,1.0,140.0,Inconsistent system,Linear Algebra,Linear Systems
11366,1941,181,14,,2,1,12/01/2021 13:57,,,41,,"Calculate the range of the following data set: $76, 75, 73, 72, 75, 76, 77, 78, 75, 76, 76, 75, 76, 77, 76, 80, 76, 73, 74, 77$.",Basic,$8$,$80$,$72$,$152$,,,03/04/2019 19:56,1,09/04/2019 1:41,37.0,1,3,1.0,47.0,Frequency,Statistics,
9045,1561,408,5,5.0,2,-1,20/07/2020 10:53,,,38,,"Find $\displaystyle\int \cos\left(3x\right)\operatorname{e}^{4x}\, dx$.",Advanced,$\displaystyle\dfrac{3\operatorname{e}^{4x}\sin \left(3x\right)}{25}+\dfrac{4\operatorname{e}^{4x}\cos \left(3x\right)}{25}+c$,"$\displaystyle -\cos\left(x\right)\operatorname{e}^x+c$
","$\displaystyle \dfrac{\operatorname{e}^x\cos \left(x\right)}{2}-\dfrac{\operatorname{e}^x\sin \left(x\right)}{2}+c$
",$\displaystyle \dfrac{\operatorname{e}^x\cos \left(x\right)}{5}-\dfrac{\operatorname{e}^x\sin \left(x\right)}{15}+c$ ,,,28/04/2019 18:15,1,28/04/2019 19:28,38.0,5,2,1.0,101.0,Substitution,Integration,Integration Techniques
21888,3492,2180,12,13.0,1,0,09/12/2024 19:43,,,37,,"Consider the function $f(x,y)=(x-3)^2+(y+2)^2$ with constraint $x \geq 0$ and $y \geq -10$. The point $(0,0)$ is",Basic,a feasible point,"a minimizer of $f(x,y)$","a KKT point of $f(x,y)$","a maximizer of $f(x,y)$",,,02/12/2019 0:48,1,02/12/2019 23:34,38.0,4,5,,176.0,Optimal solution,Optimization,Nonlinear Optimization
5800,972,447,18,10.0,1,-1,06/01/2020 20:41,,,81,," Let $A$ and $B$ be two basis of $\mathbb{R}^n$ and let $P^A_B$ be the base change matrix from base $A$ to base $B$. 
Choose the right answer: ",Advanced,$P^A_B$ is invertible and $P^B_A = (P^A_B)^{-1}$,"$P^A_B$ is not always invertible, and if so, $P^B_A = (P^A_B)^{-1}$",$P^A_B$ is invertible and $P^B_A = P^A_B$,"$P^A_B$ is not always invertible, and if so, $P^B_A = P^A_B$",,,02/05/2019 18:18,1,02/05/2019 19:24,38.0,5,4,1.0,148.0,Span,Linear Algebra,Vector Spaces
20725,2980,138,18,7.0,3,1,04/06/2024 13:59,,,52,,"Compute the determinant of $A=\left( \begin{array}{rrrr}
1 & -3 &  1 & 2  \\ 
 -2 & 1 &  2 & 1  \\ 
 0 & 0 &  -1 & 0   \\ 
2 & 4 &  2 & 1 \end{array} \right)$. ",Basic,$35$,$11$,$-1$,"impossible, the determinant is undefined",,,24/03/2019 14:29,1,07/05/2019 15:45,52.0,1,2,1.0,116.0,Matrix operations,Linear Algebra,Matrices and Determinants
3364,1047,908,4,4.0,6,-1,18/12/2019 15:30,,,155,,"The gradient $\nabla f$ for $f(x,y)=\sqrt{1-x?-y?}$ is:",Basic,"$\nabla
f(x,y)=\displaystyle \left[ -  \dfrac{x}{\sqrt{1-x^2-y^2}}, -\dfrac{y}{\sqrt{1-x^2-y^2}}  \right] $","$\nabla f(x,y)=\displaystyle \left[ -  \dfrac{x}{\sqrt{1-x^2-y^2}}, \dfrac{x}{\sqrt{1-x^2-y^2}}  \right]$","$\nabla f(x,y)=\displaystyle \left[ -  \dfrac{2x}{\sqrt{1-x^2-y^2}}, -\dfrac{2x}{\sqrt{1-x^2-y^2}}  \right]$","$\nabla f(x,y)=\displaystyle \left[ -  \dfrac{x}{{1-x^2-y^2}}, -\dfrac{x}{{1-x^2-y^2}} \right$",,,23/07/2019 11:06,1,26/11/2019 19:20,38.0,2,5,1.0,97.0,Gradient,Differentiation,Partial Differentiation
7205,1077,278,18,11.0,1,1,08/01/2020 19:40,,,38,,"Consider the linear application $F: \mathbb{R}^2\rightarrow \mathbb{R}^3$ such that 
$$F(1, 2)=(2, 3,1), F(0,-1)=(1, 0,3),$$ where $A=\{(1, 2), (0, -1)\}$ is a base of $\mathbb{R}^2$. 
Choose the right answer:",Advanced,"$F(x, y)=(4x-y, 3x, 7x-3y)$ 
"," $F(x, y)=(4x-y, 3x, -3y)$
","$F(x, y)=(4x-y, 3y, 7x-3y)$ 
","$F(x, y)=(4x-y, 3x-3y)$",,,24/04/2019 18:58,1,14/05/2019 11:46,61.0,4,4,1.0,158.0,Matrix of a linear transformation,Linear Algebra,Linear Transformations
11237,1834,635,18,7.0,3,0,09/01/2021 0:34,,,52,,"Compute the determinant of $\left( 
  \begin{array}{rrrrrr}
1 & -1 & 2 & 3 & -1 & 2 \\ 
0 & 1 & 3 & -1 & 2 & 3 \\
0 & 0 & 1 & -1 & 2 & 3 \\
0 & 0 & 0 & 1 & -1 & 2 \\
0 & 0 & 0 & 0 & 1 & 3 \\
0 & 0 & 0 & 0 & 0 & 1 \end{array} \right)$.",Basic,$1$,$0$,$3$,undefined,,,12/05/2019 11:16,1,12/05/2019 11:33,52.0,1,2,1.0,119.0,Matrix condensation,Linear Algebra,Matrices and Determinants
15911,3006,788,7,2.0,5,-1,21/09/2022 16:10,,,50,,"Solve for $x$:

$5^{x+1}=2^{3x-2}$",Basic,$x=6.38$,$x=0.16$,$x=0.48$,$x=0.81$,,,26/06/2019 21:54,1,02/10/2019 12:37,58.0,4,2,1.0,2.0,Exponential function,Fundamental Mathematics,"Algebraic expressions, Equations, and Inequalities"
16063,3004,789,7,2.0,5,1,22/09/2022 16:20,,,50,,"Solve for $x$:

$3^x=5$",Basic,$x=1.47$,$x=0.6$,$x=-1.47$,$x=0.06$,,,26/06/2019 21:55,1,27/09/2019 7:38,61.0,3,1,1.0,2.0,Exponential function,Fundamental Mathematics,"Algebraic expressions, Equations, and Inequalities"
2604,854,245,18,9.0,2,0,05/12/2019 13:38,,,43,,"Find the solutions of the following linear system:
$$\begin{cases}
x & + & y & - & z & - & t & = & 1\\
x & - & 2y & + & 3z & + & t &  = & 1\\
x & - & y & + & 3z & + & t & = & 1
\end{cases}$$",Basic,"The system has $\left(1-z,\,0,\,z,\,-2z\right)$ as solution for every $z\in\mathbb{R}$.",The system has no solutions.,"The system has $\left(1,\,0,\,0,\,0\right)$ as its unique solution.","The system has $\left(1-z,\,0,\,z,\,-2z\right)$ as solution for every $z\in\mathbb{R}\setminus\{0\}$.",,,12/04/2019 11:12,1,01/08/2019 1:43,64.0,2,4,1.0,139.0,Consistent system,Linear Algebra,Linear Systems
9413,1694,786,7,2.0,1,1,06/10/2020 20:53,,,50,,"Solve for $x$:

$x^4-10=6$",Basic,$x=\pm2$,$x=\pm1$,$x=\dfrac{6}{10}$,$x=15$,,,26/06/2019 21:49,1,09/09/2019 1:08,37.0,3,4,1.0,5.0,Simplify expressions,Fundamental Mathematics,"Algebraic expressions, Equations, and Inequalities"
10145,1861,666,7,2.0,1,1,26/11/2020 10:45,,,50,,"Solve for $x$:

$\sqrt{ \dfrac{x}{2}}+3=5$",Basic,$x=8$,$x=32$,$x=5.56$,$x=2$,,,14/05/2019 17:27,1,09/09/2019 1:00,37.0,2,4,1.0,5.0,Simplify expressions,Fundamental Mathematics,"Algebraic expressions, Equations, and Inequalities"
4078,1171,319,18,11.0,2,1,02/01/2020 16:55,,,38,,"Consider the basis $S=\left\{(1,2),(0,-1)\right\}$ for $\mathbb{R}^2$ and let $T:\mathbb{R}^2 \longrightarrow \mathbb{R}^2$ be the linear operator for which $T(4,2)= (2,-5)  $ and $T(0,-1)=(-3,1)$. Choose the right answer.",Basic,"$T(4,-3)= (-13,0)$
","$T(x,y)= (-4x+12y,-3-4y)$ 
","$T(0,-3)=(9,-3)$
","$T(1,1)= (-1,-4)$",,,26/04/2019 16:52,1,14/05/2019 12:21,61.0,2,1,1.0,156.0,Linearity,Linear Algebra,Linear Transformations
14702,2457,393,5,5.0,1,1,22/10/2021 22:45,,,38,,"Find $\displaystyle\int\dfrac{1}{x\ln \left(x^2\right)}\, dx$.",Basic,$\displaystyle \dfrac{1}{2}\ln\left|\ln \left(x^2\right)\right|+c$,"$\displaystyle \ln\left|\ln \left(x\right)\right|+c$
","$\displaystyle \dfrac{1}{\ln^2\left(x^2\right)}+c$
",$\displaystyle \dfrac{1}{2}\ln^2\left(x^2\right)+c$,,,28/04/2019 17:35,1,28/04/2019 19:25,38.0,2,1,1.0,103.0,Direct inspection,Integration,Integration Techniques
16457,3048,347,10,,2,1,13/10/2022 19:22,,,78,,Given two complex numbers $z$ and $w$ we have,Advanced,"$\operatorname{Im}(\,\overline{z+w}\,)= \operatorname{Im}(\,\overline{z}\,) + \operatorname{Im}(\,\overline{w}\,)$",$\operatorname{Im}(z+w)= \operatorname{Im}(z) - \operatorname{Im}(w)$,$\operatorname{Im}(z w)= \operatorname{Im}(z)  \operatorname{Im}(w)$,"$\operatorname{Im}\left(\dfrac{z}{w}\right)= \dfrac{\operatorname{Im} (z)}{\operatorname{Im}(w)}$, for $w\neq 0$",,,26/04/2019 21:39,1,27/04/2019 17:42,37.0,5,3,1.0,24.0,Imaginary part,Complex Numbers,
18432,3309,1112,26,,3,0,21/06/2023 14:49,,,37,,"Consider the table

$$\begin{array}{c|ccccc}
x & 1.0 & 1.3 & 1.6 & 1.9 & 2.2   \\
\hline
y & 0.7652 & 0.6201 & 0.4554 & 0.2818 & 0.1104 \\
\end{array}$$

Find the polynomial of degree $3$ that better approximates $f(1.5)$ using Newton's polynomial interpolation.",Basic,$P_3(x)= 0.9704 + 0.09467x - 0.3658x^2 + 0.06589x^3$.,$P_3(x)= 0.9704 + 0.09467x - 0.3658x^2 - 0.06589x^3$.,$P_3(x)= 0.9704 + 0.09467x + 0.3658x^2 + 0.06589x^3$.,$P_3(x)= 0.9704 - 0.09467x - 0.3658x^2 + 0.06589x^3$.,,,14/06/2020 20:05,1,15/06/2020 17:30,38.0,4,3,1.0,269.0,Polynomial interpolation,Numerical Methods,
2198,672,492,17,,2,0,26/11/2019 13:19,,,79,,Tickets numbered from $1$ to $20$ are mixed up and then a ticket is drawn at random. What is the probability that the ticket drawn has a number which is a multiple of $2$ or $5$?,Basic,$\dfrac{6}{10}$,$\dfrac{1}{10}$,$\dfrac{2}{10}$,$\dfrac{1}{5}$,,,03/05/2019 16:19,1,05/05/2019 23:49,38.0,3,3,1.0,35.0,Sample space,Probability ,
23060,3514,912,4,4.0,1,0,16/01/2025 23:42,,,155,,"Find $\dfrac{\partial F}{\partial x},$ $\dfrac{\partial F}{\partial
y}$ and $dF$ for $F(x,y)=f(u(x,y),v(x,y))$, where $f(u,v)=\arctan \left(\dfrac{u}{v}\right),$ $%
u(x,y)=x\sin (y)$ and $v(x,y)=x\cos (y)$.",Basic,"$\dfrac{\partial F}{\partial x}=0,\dfrac{\partial F}{\partial y}=1,dF=dy$","$\dfrac{\partial F}{\partial x}=1,\dfrac{\partial F}{\partial y}=0,dF=dx$","$\dfrac{\partial F}{\partial x}=1,\dfrac{\partial F}{\partial y}=1,dF=dx+dy$","$\dfrac{\partial F}{\partial x}=x,\dfrac{\partial F}{\partial y}=0,dF=xdx$",,,23/07/2019 11:46,1,06/12/2019 19:18,38.0,5,1,1.0,97.0,Gradient,Differentiation,Partial Differentiation
1711,128,637,18,7.0,2,0,15/11/2019 17:06,,,52,,The value of the determinant does not change if,Basic, a multiple of one row is added to another row,two rows are interchanged,a row is multiplied by $k\neq 0$,a matrix is multiplied by $k\neq 0$,,,12/05/2019 11:23,1,12/05/2019 11:34,52.0,4,4,1.0,114.0,Matrix multiplication,Linear Algebra,Matrices and Determinants
14279,2481,637,18,7.0,2,1,12/10/2021 9:16,,,52,,The value of the determinant does not change if,Basic, a multiple of one row is added to another row,two rows are interchanged,a row is multiplied by $k\neq 0$,a matrix is multiplied by $k\neq 0$,,,12/05/2019 11:23,1,12/05/2019 11:34,52.0,4,4,1.0,114.0,Matrix multiplication,Linear Algebra,Matrices and Determinants
14235,2573,666,7,2.0,1,0,11/10/2021 20:59,,,50,,"Solve for $x$:

$\sqrt{ \dfrac{x}{2}}+3=5$",Basic,$x=8$,$x=32$,$x=5.56$,$x=2$,,,14/05/2019 17:27,1,09/09/2019 1:00,37.0,2,4,1.0,5.0,Simplify expressions,Fundamental Mathematics,"Algebraic expressions, Equations, and Inequalities"
11188,1877,104,7,2.0,7,0,07/01/2021 13:43,,,50,,"Make $d$ the subject of the expression

$b=c-d$",Basic,$d = c - b$,$d =b + c$,$d = \frac{b}{c}$,$d = b - c$,,,20/03/2019 16:34,1,10/05/2019 0:42,37.0,1,4,1.0,317.0,Rearranging equations,Fundamental Mathematics,"Algebraic expressions, Equations, and Inequalities"
1433,509,949,18,,3,0,06/11/2019 19:40,,,43,,"How many solutions does the following linear system has?
$$\begin{cases}
x & + & 2y & = & 4 \\
x & - & 2y & = & 0 \\
4x & + & 3y & = & 12
\end{cases}$$",Basic,The system has no solutions.,"The system has $\left(2,\,1\right)$ as its unique solution.","The system has $\left(\frac{24}{11},\,\frac{12}{11}\right)$ as its unique solution.","The system has an infinite number of solutions of the form $\left(2y,\,y\right)$ for every $y\in\mathbb{R}$.",,,17/09/2019 11:35,1,22/09/2019 18:08,163.0,2,4,1.0,140.0,Inconsistent system,Linear Algebra,
18386,2570,1090,26,,3,0,20/06/2023 22:08,,,37,,Consider $x^3+5=9x$. Find $x_3$ using Newton's method considering $x_0=2.75$.,Basic,$x_3=2.670$ ,$x_3=2.469$,$x_3=2.673$,$x_3=2.367$,,,14/06/2020 18:34,1,28/06/2020 20:40,37.0,3,1,1.0,223.0,Newton?s method,Numerical Methods,
21709,3389,1348,28,47.0,1,1,04/11/2024 16:56,,,2956,,"A lake has 780 frogs. In the absence of predators, the frog population grows by 15% each month. However, if there are predators, 90 frogs are lost each month.

Give a recurrence relation for the population of frogs after n months, admitting the existence of  predators.
(consider ??, the floor function).",Basic,"$a_n=\lfloor 1.15a_{n-1}-90 \rfloor, \ \ \forall n \geq 1$","$a_n=1.15a_{n-1}-90, \ \ \forall n \geq 1$","$a_n=\lfloor 0.15a_{n-1}-90 \rfloor, \ \ \forall n \geq 1$","$a_n=0.15a_{n-1}-90, \ \ \forall n \geq 1$",,,08/08/2022 16:49,1,10/10/2022 19:01,64.0,3,3,1.0,305.0,Patterns,Discrete Mathematics,Recursivity
10637,1781,92,18,9.0,3,0,05/12/2020 0:11,,,43,,"Find the solutions $\left(\text{in } \mathbb{C}^2\right)$ of the following linear system:
$$\begin{cases}
(1+i)z& + & (1-i)w & = & i \\
(1-i)z& + & (1+i)w & = & 1-i
\end{cases}$$",Basic,"The unique solution of the linear system is $\bigg(\frac{3+i}{4},-\frac{1+i}{4}\bigg)$.","The solutions of the linear system are of the form $\bigg(\frac{1+i}{4},\frac{-1+i}{4}+z\bigg)$, for every $z\in\mathbb{C}$.",The linear system has no solutions.,"The linear system has the vector $(i,-i)$ has its unique solution.",,,11/03/2019 13:15,1,20/04/2019 19:16,37.0,3,4,1.0,137.0,Square linear system,Linear Algebra,Linear Systems
20288,3401,1583,5,,1,1,28/05/2024 7:58,,,2943,,"Find the flux of $\textbf{F}$ across S, where $\displaystyle\textbf{F}(x,y,z)=x\textbf{i}+2y\textbf{j}+3z\textbf{k}\,$, where S is the cube with vertices $\displaystyle(\pm 1, \pm 1, \pm 1)$.",Basic,$48$,$24$,$12$,$6$,,,29/06/2023 16:19,1,21/07/2023 18:56,38.0,1,3,1.0,295.0,Definition,Integration,
2109,658,179,14,,1,0,26/11/2019 13:17,,,41,,A researcher studies the wind speed in a particular city. A sample of two hundred observations was recorded. The mean speed was calculated to be $10 m/s$ and the median speed was calculated to be $7 m/s$. Which of the following interpretations is correct?,Basic,$50\%$ of the sampled observations had speed that was less than or equal to $7 m/s$.,The most frequently occurring wind speed in the sample was $7 m/s$.,$50\%$ of the sampled observations had speed that was equal to $7 m/s$.,$50\%$ of the sampled observations had speed that was less than or equal to $10 m/s$.,,,03/04/2019 19:50,1,09/04/2019 1:40,37.0,2,2,1.0,45.0,Sample,Statistics,
1236,483,347,10,,2,0,02/11/2019 16:55,,,78,,Given two complex numbers $z$ and $w$ we have,Advanced,"$\operatorname{Im}(\,\overline{z+w}\,)= \operatorname{Im}(\,\overline{z}\,) + \operatorname{Im}(\,\overline{w}\,)$",$\operatorname{Im}(z+w)= \operatorname{Im}(z) - \operatorname{Im}(w)$,$\operatorname{Im}(z w)= \operatorname{Im}(z)  \operatorname{Im}(w)$,"$\operatorname{Im}\left(\dfrac{z}{w}\right)= \dfrac{\operatorname{Im} (z)}{\operatorname{Im}(w)}$, for $w\neq 0$",,,26/04/2019 21:39,1,27/04/2019 17:42,37.0,5,3,1.0,24.0,Imaginary part,Complex Numbers,
1583,535,345,10,,5,1,12/11/2019 2:15,,,78,,"Using the principal argument, the polar form of $z=1-\sqrt{3}i$ is",Advanced,$z=2\left(\cos\left(\dfrac{\pi}{3}\right)-i\sin\left(\dfrac{\pi}{3}\right)\right)$,$z=2\left(\cos\left(\dfrac{\pi}{3}\right)+i\sin\left(\dfrac{\pi}{3}\right)\right)$,$z=2\left(\cos\left(\dfrac{5\pi}{3}\right)+i\sin\left(\dfrac{5\pi}{3}\right)\right)$,$z=2\left(\cos\left(\dfrac{5\pi}{3}\right)-i\sin\left(\dfrac{5\pi}{3}\right)\right)$,,,26/04/2019 21:32,1,27/04/2019 17:41,37.0,3,4,1.0,25.0,Modulus of a complex number,Complex Numbers,
11906,1890,126,18,7.0,2,0,23/01/2021 8:24,,,52,,"Suppose that $A=\left( \begin{array}{rrr}
0 & 0 & 1 \\ 
4 & -1 & 2 \\ 
-1 & 0 & -2 \end{array}
\right)$ and $B=\left( \begin{array}{rrr}
4 & 1 & 0 \\ 
-4 & -2 & 4 \\ 
0 & 3 & 1 \end{array}
\right)$.

Find $\mathrm{det} \left(X\right)$ if  $A \cdot X\cdot B -B^2=0$.",Advanced,$52$,$0$,$-11$,given operation is not valid,,,24/03/2019 14:16,1,07/05/2019 15:32,52.0,5,3,1.0,114.0,Matrix multiplication,Linear Algebra,Matrices and Determinants
7064,1271,293,18,11.0,2,1,08/01/2020 17:55,,,38,,"Let $T:\mathbb{R}^2\longrightarrow \mathbb{R}^3$ be the linear transformation given by $T(x,y)=(2x,y,4x-3y)$. The range of $T$ is:",Advanced,"$\left\{(a,b,c)\in \mathbb{R}^3: c=2a-3b\right\}$ 
","$\mathbb{R}^3$ 
","$\left\{(a,b,c)\in \mathbb{R}^3: c=4a-3b\right\}$
","$\left\{(a,b,c)\in \mathbb{R}^3: c=2a-5b\right\}$",,,26/04/2019 16:08,1,14/05/2019 12:07,61.0,4,1,1.0,159.0,Kernel,Linear Algebra,Linear Transformations
6255,1322,429,18,10.0,2,-1,07/01/2020 16:29,,,72,,"Indicate which of the following is a linear combination of $A=\left[\begin{array}{rr}
      3& 2\\
			0 & 1 
    \end{array}\right]$, $B=\left[\begin{array}{rr}
      0& -1 \\
			1 & 2 
    \end{array}\right]$ and $C=\left[\begin{array}{rr}
      5& 4 \\
			-1 & 0
    \end{array}\right]$.",Basic,"$\left[\begin{array}{rr}
      5 & 3 \\
      0 & 2
    \end{array}\right]$","$\left[\begin{array}{rr}
      8& 5 \\
			0 & -3 
    \end{array}\right]$","$\left[\begin{array}{rr}
      3 & 1 \\
      3 & 3 
    \end{array}\right]$","$\left[\begin{array}{rr}
      8 &  -1\\
   6 & 1
    \end{array}\right]$",,,30/04/2019 1:26,1,01/05/2019 23:05,38.0,3,2,1.0,146.0,Vector subspace,Linear Algebra,Vector Spaces
18239,2912,1100,26,,4,1,16/05/2023 22:07,,,37,,"Consider the table

$$\begin{array}{c|ccccccc}
x & 1 & 2 & 3 & 4 & 5 & 6 & 7 \\
\hline
f(x) & 961.5 & 466.7 & 662.8 & 620.1 & 757.2 & 807.6 & 761,1\\
\end{array}$$

Using Simpson's Rule, find $I=\displaystyle \int_1^7f(x) dx$.",Basic,$I=4046.73$.,$I=4175.70$.,$I=4146.73$.,$I=4075.70$.,,,14/06/2020 18:52,1,15/06/2020 18:26,38.0,4,2,1.0,355.0,Simpson's rule,Numerical Methods,
11431,1941,209,14,,4,1,12/01/2021 17:15,,,41,,"Given the sample data

$\begin{array}{ |r|c|c|} 
\hline
&\text{ Group I}& \text{ Group II}\\   \hline
\text{Sample size}&90&85\\
\text{Mean}&70&60\\
\text{Standard deviation}&8&8 \\   \hline
\end{array}$

Which hypothesis should be tested for verifying if the group $I$ has a higher mean score than the group $II$?",Advanced,$H_0: \mu_I = \mu_{II}$ v.s. $H_a:  \mu_I >  \mu_{II}$.,$H_0: \sigma^2_I =\sigma^2_{II}$ v.s. $H_a: \sigma^2_I >\sigma^2_{II}$.,$H_0: \mu_I > \mu_{II}$ v.s. $H_a:  \mu_I \leq \mu_{II}$.,$H_0: \mu_I = \mu_{II}$ v.s. $H_a:  \mu_I \neq \mu_{II}$.,,,04/04/2019 10:10,1,27/04/2019 18:51,37.0,5,5,1.0,56.0,Chi square distribution,Statistics,
18265,2904,1115,26,,1,0,12/06/2023 12:27,,,37,,"Consider the table

$$\begin{array}{c|ccccc}
x & 2.0 & 2.5 & 3.0 & 3.5 & 4.0 & 4.5   \\
\hline
f(x) & 0.5 & 0.4 & 0.3333 & 0.2857 & 0.25 & 0.2222 \\
\end{array}$$

Using the three points rule, find $f'(2)$.",Basic,$f'(2)=-0.2333$.,$f'(2)=-0.2464$.,$f'(2)=-0.1587$.,$f'(2)=-0.2$.,,,14/06/2020 20:32,1,15/06/2020 17:32,38.0,4,3,1.0,353.0,Three points rule,Numerical Methods,
19851,80,180,14,,1,0,02/02/2024 15:37,,,41,,"For the distribution shown below, identify the mean, the median, and the mode.",Basic,"X is the mean, Y is the median, and Z is the mode.","Y is the mean, Z is the median, and X is the mode.","Z is the mean, X is the median, and Y is the mode.","Z is the mean, Y is the median, and X is the mode.",distr1.jpg,jpg,03/04/2019 19:54,1,09/04/2019 1:41,37.0,1,3,1.0,49.0,Mean,Statistics,
12383,1890,290,18,11.0,2,1,14/02/2021 20:13,,,38,,"Let $T:\mathbb{R}^2 \longrightarrow \mathbb{R}^2$ where $T(x,y)=(a+x,y)$.  $T$ is a linear transformation if:",Advanced,"$a=0$
","$a\in \mathbb{R}^+$
",$a\in \mathbb{R}^-$,Never,,,26/04/2019 15:48,1,14/05/2019 11:55,61.0,3,1,1.0,156.0,Linearity,Linear Algebra,Linear Transformations
22695,3508,1024,15,41.0,2,-1,07/01/2025 14:19,,,80,,"Match the following functions (labeled $I - III$) with its contour map (labeled $A - C$):

$(I) f(x,y) = \cos(x + y)$
$(II) f(x,y) = (1+x^2+y^2)\cos(x)$
$(III) f(x,y) = \cos(x)-\sin(y)$",Advanced,"$I \rightarrow C, II \rightarrow B, III \rightarrow A$.","$I \rightarrow C, II \rightarrow A, III \rightarrow B$.","$I \rightarrow A, II \rightarrow C, III \rightarrow B$.","$I \rightarrow A, II \rightarrow B, III \rightarrow C$. ",graphic9_2.png,png,08/01/2020 17:28,1,08/02/2020 20:51,67.0,5,2,1.0,362.0,Contour map,Real Functions of Several Variables,"Limits, Continuity, Domain and Image"
5878,634,377,18,11.0,5,-1,06/01/2020 23:21,,,38,,"Consider the linear transformation  $T:\mathbb{R}^3 \longrightarrow \mathbb{R}^3$ defined by $T(x,y,z)=(x+y,0,y+z)$. Choose the right answer.",Basic,"$ker(T)=\left\{(x,-x,x)\in \mathbb{R}^3: x\in \mathbb{R}\right\}$","The transformation $T$ is injective
","$dim \left(ker(T)\right)=3$
","The transformation matrix T relative to the canonical basis is $\left[\begin{array}{ccc}
      1& 0 & 0 \\
	1 & 0 & 1 \\
	0 & 0 & 1
			\end{array}\right]$",,,27/04/2019 21:04,1,14/05/2019 13:11,61.0,2,2,1.0,158.0,Matrix of a linear transformation,Linear Algebra,Linear Transformations
895,415,360,10,,1,1,11/10/2019 13:02,,,78,,If $z=1+\sqrt{3}i$ and $w=\sqrt{3}+i$ then,Basic,$z w=4i$,$z w=\cos\left(\dfrac{\pi}{2}\right)-i\sin\left(\dfrac{\pi}{2}\right)$,$z w=4\operatorname{e}^{-i\frac{\pi}{2}}$,$z w=\operatorname{e}^{i\frac{\pi}{6}}$,,,26/04/2019 22:17,1,27/04/2019 17:53,37.0,1,5,1.0,24.0,Imaginary part,Complex Numbers,
10443,1835,134,18,7.0,1,0,02/12/2020 13:33,,,52,,"Which of the following statements is correct for non-zero values of $a, b, c, d, e, f, g, h, i, k$?",Basic,"$\left| \begin{array}{rrr}
a & b & c \\ 
a & b & c \\ 
d & e & f \end{array}
\right|=0 $","$\left| \begin{array}{rrr}
a & b & c \\ 
-d & -e & -f \\ 
g & h & i \end{array}
\right|=\left| \begin{array}{rrr}
a & b & c \\ 
d & e & f \\ 
g & h & i \end{array}
\right|$","$\left| \begin{array}{rrr}
a & b & c \\ 
d & e & f \\ 
g & h & i \end{array}
\right|=-\left| \begin{array}{rrr}
a & d & g \\ 
b & e & h \\ 
c & f & i \end{array}
\right|$","$\left| \begin{array}{rrr}
k \cdot a & k\cdot b & k\cdot c \\ 
k\cdot d & k\cdot e & k\cdot f \\ 
k\cdot g & k\cdot h & k\cdot i \end{array}
\right|=k\cdot \left| \begin{array}{rrr}
a & b & c \\ 
d & e & f \\ 
g & h & i \end{array}
\right|$",,,24/03/2019 14:24,1,07/05/2019 15:38,52.0,3,1,1.0,116.0,Matrix operations,Linear Algebra,Matrices and Determinants
